Security Code,Security Id,Security Name
500002,ABB,ABB India Limited
500003,AEGISLOG,AEGIS LOGISTICS LTD.
500008,AMARAJABAT,AMARA RAJA BATTERIES LTD.
500010,HDFC,HOUSING DEVELOPMENT FINANCE CORP.LTD.
500020,BOMDYEING,BOMBAY DYEING & MFG.CO.LTD.
500027,ATUL,ATUL LTD.
500031,BAJAJELEC,BAJAJ ELECTRICALS LTD.-$
500032,BAJAJHIND,Bajaj Hindusthan Sugar Limited
500033,FORCEMOT,FORCE MOTORS LTD.-$
500034,BAJFINANCE,Bajaj Finance Limited
500038,BALRAMCHIN,BALRAMPUR CHINI MILLS LTD.
500040,CENTURYTEX,CENTURY TEXTILES & INDUSTRIES LTD.
500041,BANARISUG,BANNARI AMMAN SUGARS LTD.
500042,BASF,BASF INDIA LTD.
500043,BATAINDIA,BATA INDIA LTD.
500048,BEML,BEML LTD.
500049,BEL,BHARAT ELECTRONICS LTD.
500052,BEPL,BHANSALI ENGINEERING POLYMERS LTD.-$
500067,BLUESTARCO,BLUE STAR LTD.
500084,CESC,CESC LTD.
500085,CHAMBLFERT,CHAMBAL FERTILISERS & CHEMICALS LTD.
500086,EXIDEIND,EXIDE INDUSTRIES LTD.
500087,CIPLA,CIPLA LTD.
500092,CRISIL,CRISIL LTD.
500096,DABUR,DABUR INDIA LTD.
500097,DALMIASUG,Dalmia Bharat Sugar and Industries Ltd
500101,ARVIND,ARVIND LTD.
500103,BHEL,BHARAT HEAVY ELECTRICALS LTD.
500104,HINDPETRO,HINDUSTAN PETROLEUM CORPORATION LTD.
500106,IFCI,IFCI LTD.
500109,MRPL,MANGALORE REFINERY & PETROCHEMICALS LTD.
500110,CHENNPETRO,CHENNAI PETROLEUM CORPORATION LTD.
500112,SBIN,STATE BANK OF INDIA
500113,SAIL,STEEL AUTHORITY OF INDIA LTD.
500114,TITAN,Titan Company Limited
500116,IDBI,IDBI BANK LTD.
500119,DHAMPURSUG,DHAMPUR SUGAR MILLS LTD.
500123,ELANTAS,ELANTAS BECK INDIA LTD.-$
500124,DRREDDY,DR.REDDY&#39;S LABORATORIES LTD.
500125,EIDPARRY,E.I.D.-PARRY (INDIA) LTD.
500126,PGHL,Procter & Gamble Health Ltd
500133,ESABINDIA,ESAB INDIA LTD.
500135,EPL,EPL Ltd
500144,FINCABLES,FINOLEX CABLES LTD.
500148,UFLEX,UFLEX LTD.
500163,GODFRYPHLP,GODFREY PHILLIPS INDIA LTD.
500164,GODREJIND,GODREJ INDUSTRIES LTD.
500165,KANSAINER,KANSAI NEROLAC PAINTS LTD.
500168,GOODYEAR,GOODYEAR INDIA LTD.
500171,GHCL,GHCL LTD.
500173,GFLLIMITED,GFL Ltd
500180,HDFCBANK,HDFC Bank Ltd
500182,HEROMOTOCO,HERO MOTOCORP LTD.
500183,HFCL,HFCL Ltd
500184,HSCL,Himadri Speciality Chemical Ltd
500185,HCC,HINDUSTAN CONSTRUCTION CO.LTD.
500186,HINDOILEXP,HINDUSTAN OIL EXPLORATION CO.LTD.
500188,HINDZINC,HINDUSTAN ZINC LTD.
500201,INDIAGLYCO,INDIA GLYCOLS LTD.
500209,INFY,INFOSYS LTD.
500210,INGERRAND,INGERSOLL-RAND (INDIA) LTD.
500214,IONEXCHANG,ION EXCHANGE (INDIA) LTD.-$
500215,ATFL,AGRO TECH FOODS LTD.
500219,JISLJALEQS,JAIN IRRIGATION SYSTEMS LTD.
500227,JINDALPOLY,JINDAL POLY FILMS LTD.
500228,JSWSTEEL,JSW STEEL LTD.
500233,KAJARIACER,KAJARIA CERAMICS LTD.
500235,KSL,KALYANI STEELS LTD.
500238,WHIRLPOOL,WHIRLPOOL OF INDIA LTD.
500247,KOTAKBANK,KOTAK MAHINDRA BANK LTD.
500249,KSB,KSB Ltd
500250,LGBBROSLTD,L.G.BALAKRISHNAN & BROS.LTD.
500251,TRENT,TRENT LTD.
500252,LAXMIMACH,LAKSHMI MACHINE WORKS LTD.
500253,LICHSGFIN,LIC HOUSING FINANCE LTD.
500257,LUPIN,LUPIN LTD.
500260,RAMCOCEM,The Ramco Cements Limited
500265,MAHSEAMLES,MAHARASHTRA SEAMLESS LTD.
500266,MAHSCOOTER,MAHARASHTRA SCOOTERS LTD.
500271,MFSL,Max Financial Services Ltd
500285,SPICEJET,SPICEJET LTD.
500288,MOREPENLAB,MOREPEN LABORATORIES LTD.
500290,MRF,MRF LTD.
500292,HEIDELBERG,HEIDELBERGCEMENT INDIA LTD.
500294,NCC,NCC Limited
500295,VEDL,Vedanta Limited
500298,NATPEROX,NATIONAL PEROXIDE LTD.
500300,GRASIM,GRASIM INDUSTRIES LTD.
500302,PEL,PIRAMAL ENTERPRISES LTD.
500304,NIITLTD,NIIT LTD.
500307,NIRLON,NIRLON LTD.
500312,ONGC,Oil and Natural Gas Corporation Ltd
500325,RELIANCE,RELIANCE INDUSTRIES LTD.
500330,RAYMOND,RAYMOND LTD.
500331,PIDILITIND,PIDILITE INDUSTRIES LTD.
500335,BIRLACORPN,BIRLA CORPORATION LTD.
500336,SURYAROSNI,SURYA ROSHNI LTD.
500338,PRSMJOHNSN,Prism Johnson Ltd
500339,RAIN,Rain Industries Ltd
500355,RALLIS,RALLIS INDIA LTD.
500378,JINDALSAW,JINDAL SAW LTD.
500380,JKLAKSHMI,JK LAKSHMI CEMENT LTD.
500387,SHREECEM,SHREE CEMENT LTD.
500390,RELINFRA,RELIANCE INFRASTRUCTURE LTD.
500400,TATAPOWER,TATA POWER CO.LTD.
500403,SUNDRMFAST,SUNDRAM FASTENERS LTD.
500404,SUNFLAG,SUNFLAG IRON & STEEL CO.LTD.
500405,SUPPETRO,SUPREME PETROCHEM LTD.
500407,SWARAJENG,SWARAJ ENGINES LTD.
500408,TATAELXSI,TATA ELXSI LTD.
500410,ACC,ACC LTD.
500411,THERMAX,THERMAX LTD.
500412,TIRUMALCHM,THIRUMALAI CHEMICALS LTD.
500413,THOMASCOOK,THOMAS COOK (INDIA) LTD.
500420,TORNTPHARM,TORRENT PHARMACEUTICALS LTD.
500425,AMBUJACEM,AMBUJA CEMENTS LTD.
500440,HINDALCO,HINDALCO INDUSTRIES LTD.
500444,WSTCSTPAPR,WEST COAST PAPER MILLS LTD.
500459,PGHH,PROCTER & GAMBLE HYGIENE & HEALTH CARE LTD.
500469,FEDERALBNK,FEDERAL BANK LTD.
500470,TATASTEEL,TATA STEEL LTD.
500472,SKFINDIA,SKF India Ltd
500477,ASHOKLEY,ASHOK LEYLAND LTD.
500480,CUMMINSIND,CUMMINS INDIA LTD.
500483,TATACOMM,TATA COMMUNICATIONS LTD.
500488,ABBOTINDIA,ABBOTT INDIA LTD.
500490,BAJAJHLDNG,BAJAJ HOLDINGS & INVESTMENT LTD.
500493,BHARATFORG,BHARAT FORGE LTD.
500495,ESCORTS,ESCORTS LTD.
500510,LT,LARSEN & TOUBRO LTD.
500520,M&M,MAHINDRA & MAHINDRA LTD.
500530,BOSCHLTD,BOSCH LTD.
500547,BPCL,BHARAT PETROLEUM CORPORATION LTD.
500550,SIE,SIEMENS LTD.
500570,TATAMOTORS,TATA MOTORS LTD.
500575,VOLTAS,VOLTAS LTD.
500620,GESHIP,GREAT EASTERN SHIPPING CO.LTD.
500645,DEEPAKFERT,DEEPAK FERTILISERS & PETROCHEMICALS CORPORATION LTD.
500650,EXCELINDUS,EXCEL INDUSTRIES LTD.
500660,GLAXO,GLAXOSMITHKLINE PHARMACEUTICALS LTD.
500670,GNFC,GUJARAT NARMADA VALLEY FERTILIZERS & CHEMICALS LTD.
500672,NOVARTIND,NOVARTIS INDIA LTD.
500674,SANOFI,Sanofi India Ltd
500680,PFIZER,PFIZER LTD.
500690,GSFC,GUJARAT STATE FERTILIZERS & CHEMICALS LTD.
500696,HINDUNILVR,HINDUSTAN UNILEVER LTD.
500710,AKZOINDIA,Akzo Nobel India Limited
500730,NOCIL,NOCIL LTD.
500770,TATACHEM,TATA CHEMICALS LTD.
500790,NESTLEIND,NESTLE INDIA LTD.
500800,TATACONSUM,Tata Consumer Products Ltd
500820,ASIANPAINT,ASIAN PAINTS LTD.
500825,BRITANNIA,BRITANNIA INDUSTRIES LTD.
500830,COLPAL,COLGATE-PALMOLIVE (INDIA) LTD.
500840,EIHOTEL,EIH LTD.
500850,INDHOTEL,INDIAN HOTELS CO.LTD.
500870,CASTROLIND,CASTROL INDIA LTD.
500875,ITC,ITC LTD.
500877,APOLLOTYRE,APOLLO TYRES LTD.
500878,CEATLTD,CEAT LTD.
500940,FINOLEXIND,FINOLEX INDUSTRIES LTD.
501301,TATAINVEST,TATA INVESTMENT CORPORATION LTD.
501425,BBTC,BOMBAY BURMAH TRADING CORP.LTD.
501455,GREAVESCOT,GREAVES COTTON LTD.
502090,SAGCEM,SAGAR CEMENTS LTD.-$
502157,MANGLMCEM,MANGALAM CEMENT LTD.
502168,NCLIND,NCL INDUSTRIES LTD.-$
502219,BORORENEW,Borosil Renewables Ltd
502355,BALKRISIND,BALKRISHNA INDUSTRIES LTD.-$
502450,SESHAPAPER,SESHASAYEE PAPER & BOARDS LTD.
502986,VTL,VARDHMAN TEXTILES LTD.
503100,PHOENIXLTD,The Phoenix Mills Ltd
503310,SWANENERGY,SWAN ENERGY LTD.
503806,SRF,SRF LTD.
503960,BBL,BHARAT BIJLEE LTD.-$
504067,ZENSARTECH,ZENSAR TECHNOLOGIES LTD.
504112,NELCO,NELCO LTD.
504741,INDIANHUME,INDIAN HUME PIPE CO.LTD.
504966,TINPLATE,TINPLATE COMPANY OF INDIA LTD.
504973,CHOLAHLDNG,Cholamandalam Financial Holdings Ltd
505010,AUTOAXLES,AUTOMOTIVE AXLES LTD.
505192,SMLISUZU,SML ISUZU LIMITED
505200,EICHERMOT,EICHER MOTORS LTD.
505255,GMM,GMM PFAUDLER LTD.
505355,NESCO,NESCO LTD.
505509,RESPONIND,RESPONSIVE INDUSTRIES LTD.
505533,WESTLIFE,WESTLIFE DEVELOPMENT LTD.
505537,ZEEL,ZEE ENTERTAINMENT ENTERPRISES LTD.
505714,GABRIEL,GABRIEL INDIA LTD.-$
505726,IFBIND,IFB INDUSTRIES LTD.
505744,FMGOETZE,FEDERAL-MOGUL GOETZE (INDIA) LTD.
505790,SCHAEFFLER,Schaeffler India Ltd
505800,RANEHOLDIN,RANE HOLDINGS LTD.
505890,KENNAMET,KENNAMETAL INDIA LTD.-$
506022,PRAKASH,PRAKASH INDUSTRIES LTD.
506076,GRINDWELL,GRINDWELL NORTON LTD.-$
506197,BLISSGVS,BLISS GVS PHARMA LTD.
506235,ALEMBICLTD,ALEMBIC LTD.
506285,BAYERCROP,BAYER CROPSCIENCE LTD.
506390,CLNINDIA,CLARIANT CHEMICALS (INDIA) LTD.
506395,COROMANDEL,COROMANDEL INTERNATIONAL LTD.
506401,DEEPAKNI,DEEPAK NITRITE LTD.-$
506579,ORIENTCQ,ORIENTAL CARBON & CHEMICALS LTD.-$
506590,PHILIPCARB,PHILLIPS CARBON BLACK LTD.
506655,SUDARSCHEM,SUDARSHAN CHEMICAL INDUSTRIES LTD.
506690,UNICHEMLAB,UNICHEM LABORATORIES LTD.
506767,ALKYLAMINE,ALKYL AMINES CHEMICALS LTD.-$
506820,ASTRAZEN,ASTRAZENECA PHARMA INDIA LTD.
506943,JBCHEPHARM,J.B.CHEMICALS & PHARMACEUTICALS LTD.
507685,WIPRO,WIPRO LTD.
507717,DHANUKA,DHANUKA AGRITECH LTD.
507815,GILLETTE,GILLETTE INDIA LTD.
507880,VIPIND,V.I.P.INDUSTRIES LTD.-$
508486,HAWKINCOOK,HAWKINS COOKERS LTD.-$
508814,COSMOFILMS,COSMO FILMS LTD.
508869,APOLLOHOSP,APOLLO HOSPITALS ENTERPRISE LTD.
508989,NAVNETEDUL,Navneet Education Limited
509243,TVSSRICHAK,TVS SRICHAKRA LTD.-$
509480,BERGEPAINT,BERGER PAINTS INDIA LTD.
509488,GRAPHITE,GRAPHITE INDIA LTD.
509496,ITDCEM,ITD CEMENTATION INDIA LTD.
509557,GARFIBRES,Garware Technical Fibres Ltd
509631,HEG,HEG LTD.
509675,HIL,HIL LTD.
509820,HUHTAMAKI,Huhtamaki India Ltd
509930,SUPREMEIND,SUPREME INDUSTRIES LTD.
509966,VSTIND,VST INDUSTRIES LTD.
511196,CANFINHOME,CAN FIN HOMES LTD.
511218,SRTRANSFIN,SHRIRAM TRANSPORT FINANCE CO.LTD.
511243,CHOLAFIN,Cholamandalam Investment and Finance Company Ltd
511431,VAKRANGEE,Vakrangee Limited-$
511676,GICHSGFIN,GIC HOUSING FINANCE LTD.
512070,UPL,UPL Limited
512179,SUNTECK,SUNTECK REALTY LTD.
512237,JAICORPLTD,JAI CORP LTD.
512529,SEQUENT,SEQUENT SCIENTIFIC LTD.
512573,AVANTI,AVANTI FEEDS LTD.-$
512599,ADANIENT,ADANI ENTERPRISES LTD.
513010,TATASTLLP,Tata Steel Long Products Ltd
513023,NBVENTURES*,NAVA BHARAT VENTURES LTD.
513375,CARBORUNIV,CARBORUNDUM UNIVERSAL LTD.
513377,MMTC,MMTC LTD.
513434,TATAMETALI,TATA METALIKS LTD.
513599,HINDCOPPER,HINDUSTAN COPPER LTD.
513605,SRIPIPES,Srikalahasthi Pipes Limited
513683,NLCINDIA,NLC India Ltd
514043,HIMATSEIDE,HIMATSINGKA SEIDE LTD.
514162,WELSPUNIND,WELSPUN INDIA LTD.
515030,ASAHIINDIA,ASAHI INDIA GLASS LTD.
517015,VINDHYATEL,VINDHYA TELELINKS LTD.
517146,USHAMART,USHA MARTIN LTD.
517168,SUBROS,SUBROS LTD.
517174,HONAUT,HONEYWELL AUTOMATION INDIA LTD.
517300,GIPCL,GUJARAT INDUSTRIES POWER CO.LTD.
517334,MOTHERSUMI,MOTHERSON SUMI SYSTEMS LTD.
517354,HAVELLS,HAVELLS INDIA LTD.
517380,IGARASHI,IGARASHI MOTORS INDIA LTD.
517385,SYMPHONY,Symphony Limited
517506,TTKPRESTIG,TTK PRESTIGE LTD.
517569,KEI,KEI INDUSTRIES LTD.
519091,TASTYBIT,TASTY BITE EATABLES LTD.
519183,ADFFOODS,ADF FOODS LTD.-$
519552,HERITGFOOD,Heritage Foods Limited
519588,DFM,DFM FOODS LTD.
519600,CCL,CCL PRODUCTS (INDIA) LTD.
520008,RICOAUTO,RICO AUTO INDUSTRIES LTD.
520051,JAMNAAUTO,JAMNA AUTO INDUSTRIES LTD.
520056,SUNCLAYLTD,SUNDARAM-CLAYTON LTD.
520057,JTEKTINDIA,Jtekt India Ltd
520111,RATNAMANI,RATNAMANI METALS & TUBES LTD.-$
520113,VESUVIUS,VESUVIUS INDIA LTD.
521016,ICIL,INDO COUNT INDUSTRIES LTD.
521064,TRIDENT,TRIDENT LTD.
521248,KITEX,KITEX GARMENTS LTD.
522064,HONDAPOWER,Honda India Power Products Ltd
522074,ELGIEQUIP,ELGI EQUIPMENTS LTD.
522113,TIMKEN,TIMKEN INDIA LTD.
522205,PRAJIND,PRAJ INDUSTRIES LTD.
522249,MAYURUNIQ,MAYUR UNIQUOTERS LTD.-$
522263,JMCPROJECT,JMC PROJECTS (INDIA) LTD.-$
522275,GET&D,GE T&D India Ltd
522287,KALPATPOWR,KALPATARU POWER TRANSMISSION LTD.
523025,SAFARIND,SAFARI INDUSTRIES (INDIA) LTD.
523261,VENKYS,VENKY&#39;S (INDIA) LTD.
523319,BALMLAWRIE,BALMER LAWRIE & CO.LTD.
523367,DCMSHRIRAM,DCM Shriram Limited
523385,NILKAMAL,NILKAMAL LTD.
523395,3MINDIA,3M INDIA LTD.
523398,JCHAC,Johnson Controls-Hitachi Air Conditioning India Ltd
523405,JMFINANCIL,JM FINANCIAL LTD.-$
523445,RIIL,RELIANCE INDUSTRIAL INFRASTRUCTURE LTD.
523457,LINDEINDIA,Linde India Limited
523598,SCI,SHIPPING CORPORATION OF INDIA LTD.
523610,ITI,ITI LTD.
523618,DREDGECORP,DREDGING CORPORATION OF INDIA LTD.
523630,NFL,NATIONAL FERTILIZERS LTD.
523642,PIIND,PI Industries Ltd
523660,WATERBASE,WATERBASE LTD.
523694,APCOTEXIND,APCOTEX INDUSTRIES LTD.
523704,MASTEK,MASTEK LTD.
524000,MAGMA,MAGMA FINCORP LTD.
524051,POLYPLEX,POLYPLEX CORPORATION LTD.
524164,IOLCP,IOL CHEMICALS & PHARMACEUTICALS LTD.
524200,VINATIORGA,VINATI ORGANICS LTD.-$
524208,AARTIIND,AARTI INDUSTRIES LTD.
524226,GAEL,GUJARAT AMBUJA EXPORTS LTD.
524230,RCF,RASHTRIYA CHEMICALS & FERTILIZERS LTD.
524348,AARTIDRUGS,AARTI DRUGS LTD.
524370,BODALCHEM,BODAL CHEMICALS LTD.
524404,MARKSANS,MARKSANS PHARMA LTD.
524494,IPCALAB,IPCA LABORATORIES LTD.
524558,NEULANDLAB,NEULAND LABORATORIES LTD.
524669,HESTERBIO,HESTER BIOSCIENCES LTD.
524715,SUNPHARMA,SUN PHARMACEUTICAL INDUSTRIES LTD.
524735,HIKAL,HIKAL LTD.
524742,CAPPL,CAPLIN POINT LABORATORIES LTD.
524804,AUROPHARMA,AUROBINDO PHARMA LTD.
524816,NATCOPHARM,NATCO PHARMA LTD.
526299,MPHASIS,MPHASIS LTD.
526371,NMDC,NMDC LTD.
526612,BLUEDART,BLUE DART EXPRESS LTD.
526797,GREENPLY,GREENPLY INDUSTRIES LTD.
526947,LAOPALA,LA OPALA RG LTD.
530001,GUJALKALI,GUJARAT ALKALIES & CHEMICALS LTD.
530005,INDIACEM,INDIA CEMENTS LTD.
530007,JKTYRE,JK TYRE & INDUSTRIES LTD.
530019,JUBLPHARMA,Jubilant Pharmova Ltd
530117,PRIVISCL,Privi Speciality Chemicals Ltd
530239,SUVEN,SUVEN LIFE SCIENCES LTD.
530367,NRBBEARING,NRB BEARINGS LTD.
530517,RELAXO,RELAXO FOOTWEARS LTD.-$
530549,SHILPAMED,SHILPA MEDICARE LTD.
530813,KRBL,KRBL LTD.
530965,IOC,INDIAN OIL CORPORATION LTD.
530999,BALAMINES,BALAJI AMINES LTD.-$
531120,PATELENG,PATEL ENGINEERING LTD.-$
531162,EMAMILTD,EMAMI LTD.-$
531179,ARMANFIN,ARMAN FINANCIAL SERVICES LTD.
531209,NUCLEUS,NUCLEUS SOFTWARE EXPORTS LTD.
531213,MANAPPURAM,MANAPPURAM FINANCE LTD.
531266,VSTTILLERS,V.S.T.TILLERS TRACTORS LTD.-$
531335,ZYDUSWELL,ZYDUS WELLNESS LTD.-$
531344,CONCOR,CONTAINER CORPORATION OF INDIA LTD.
531349,PANACEABIO,PANACEA BIOTEC LTD.
531426,TNPL,TAMIL NADU NEWSPRINT & PAPERS LTD.
531500,RAJESHEXPO,RAJESH EXPORTS LTD.
531508,EVEREADY,EVEREADY INDUSTRIES INDIA LTD.
531531,HATSUN,HATSUN AGRO PRODUCT LTD.
531548,SOMANYCERA,SOMANY CERAMICS LTD.
531595,CGCL,Capri Global Capital Limited
531599,FDC,FDC LTD.
531633,LINCOPH,LINCOLN PHARMACEUTICALS LTD.
531642,MARICO,MARICO LTD.
531761,APOLLOPIPES,Apollo Pipes Ltd
531768,POLYMED,POLY MEDICURE LTD.
532134,BANKBARODA,BANK OF BARODA
532144,WELCORP,Welspun Corp Limited
532149,BANKINDIA,BANK OF INDIA
532155,GAIL,GAIL (INDIA) LTD.
532156,VAIBHAVGBL,Vaibhav Global Ltd
532162,JKPAPER,JK PAPER LTD.
532163,SAREGAMA,SAREGAMA INDIA LTD.
532174,ICICIBANK,ICICI BANK LTD.
532175,CYIENT,Cyient Limited
532178,ENGINERSIN,ENGINEERS INDIA LTD.
532181,GMDCLTD,GUJARAT MINERAL DEVELOPMENT CORPORATION LTD.
532187,INDUSINDBK,INDUSIND BANK LTD.
532189,ITDC,INDIA TOURISM DEVELOPMENT CORPORATION LTD.
532209,J&KBANK,JAMMU & KASHMIR BANK LTD.
532210,CUB,CITY UNION BANK LTD.
532215,AXISBANK,AXIS BANK LTD.
532218,SOUTHBANK,SOUTH INDIAN BANK LTD.
532221,SONATSOFTW,SONATA SOFTWARE LTD.
532234,NATIONALUM,NATIONAL ALUMINIUM CO.LTD.
532259,APARINDS,APAR INDUSTRIES LTD.
532268,ACCELYA,Accelya Solutions India Ltd
532281,HCLTECH,HCL TECHNOLOGIES LTD.
532286,JINDALSTEL,JINDAL STEEL & POWER LTD.
532296,GLENMARK,GLENMARK PHARMACEUTICALS LTD.
532300,WOCKPHARMA,WOCKHARDT LTD.
532301,TATACOFFEE,TATA COFFEE LTD.
532309,GEPIL,GE Power India Ltd
532313,MAHLIFE,MAHINDRA LIFESPACE DEVELOPERS LTD.
532321,CADILAHC,CADILA HEALTHCARE LTD.
532331,AJANTPHARM,AJANTA PHARMA LTD.
532343,TVSMOTOR,TVS MOTOR COMPANY LTD.
532345,GATI,GATI LTD.
532349,TCI,TRANSPORT CORPORATION OF INDIA LTD.
532356,TRIVENI,TRIVENI ENGINEERING & INDUSTRIES LTD.
532369,RAMCOIND,RAMCO INDUSTRIES LTD.
532370,RAMCOSYS,RAMCO SYSTEMS LTD.
532374,STLTECH,STERLITE TECHNOLOGIES LTD.
532382,BALAJITELE,BALAJI TELEFILMS LTD.
532388,IOB,INDIAN OVERSEAS BANK
532390,TAJGVK,TAJGVK HOTELS & RESORTS LTD.
532400,BSOFT,Birlasoft Ltd
532424,GODREJCP,GODREJ CONSUMER PRODUCTS LTD.
532430,BFUTILITIE,BF UTILITIES LTD.-$
532443,CERA,CERA SANITARYWARE LTD.
532454,BHARTIARTL,BHARTI AIRTEL LTD.
532461,PNB,PUNJAB NATIONAL BANK
532466,OFSS,ORACLE FINANCIAL SERVICES SOFTWARE LTD.
532468,KAMAHOLD,Kama Holdings Limited-$
532475,APTECHT,APTECH LTD.
532477,UNIONBANK,UNION BANK OF INDIA
532478,UBL,UNITED BREWERIES LTD.-$
532482,GRANULES,GRANULES INDIA LTD.-$
532483,CANBK,CANARA BANK
532488,DIVISLAB,DIVI&#39;S LABORATORIES LTD.
532493,ASTRAMICRO,ASTRA MICROWAVE PRODUCTS LTD.
532497,RADICO,RADICO KHAITAN LTD.
532498,SHRIRAMCIT,SHRIRAM CITY UNION FINANCE LTD.
532500,MARUTI,MARUTI SUZUKI INDIA LTD.
532504,NAVINFLUOR,Navin Fluorine International Limited-$
532505,UCOBANK,UCO BANK
532508,JSL,JINDAL STAINLESS LTD.
532509,SUPRAJIT,SUPRAJIT ENGINEERING LTD.-$
532514,IGL,INDRAPRASTHA GAS LTD.
532515,TVTODAY,TV TODAY NETWORK LTD.
532522,PETRONET,PETRONET LNG LTD.
532523,BIOCON,BIOCON LTD.
532524,PTC,PTC INDIA LTD.
532525,MAHABANK,BANK OF MAHARASHTRA
532527,RKFORGE,RAMKRISHNA FORGINGS LTD.
532531,STAR,Strides Pharma Science Ltd
532532,JPASSOCIAT,JAIPRAKASH ASSOCIATES LTD.
532538,ULTRACEMCO,ULTRATECH CEMENT LTD.
532539,MINDAIND,MINDA INDUSTRIES LTD.-$
532540,TCS,TATA CONSULTANCY SERVICES LTD.
532541,COFORGE,Coforge Ltd
532548,CENTURYPLY,CENTURY PLYBOARDS (I) LTD.-$
532553,WELENT,Welspun Enterprises Ltd
532555,NTPC,NTPC LTD.
532610,DWARKESH,DWARIKESH SUGAR INDUSTRIES LTD.
532612,INDOCO,INDOCO REMEDIES LTD.
532622,GDL,GATEWAY DISTRIPARKS LTD.
532636,IIFL,IIFL Finance Ltd
532638,SHOPERSTOP,SHOPPERS STOP LTD.
532642,JSWHL,JSW Holdings Limited
532644,JKCEMENT,J.K.CEMENT LTD.
532648,YESBANK,YES BANK LTD.
532652,KTKBANK,KARNATAKA BANK LTD.
532659,IDFC,IDFC LIMITED
532663,SASKEN,Sasken Technologies Ltd
532667,SUZLON,SUZLON ENERGY LTD.
532683,AIAENG,AIA ENGINEERING LTD.
532689,PVR,PVR LTD.
532702,GSPL,GUJARAT STATE PETRONET LTD.
532705,JAGRAN,JAGRAN PRAKASHAN LTD.
532706,INOXLEISUR,INOX LEISURE LTD.
532710,SADBHAV,SADBHAV ENGINEERING LTD.
532714,KEC,KEC INTERNATIONAL LTD.
532720,M&MFIN,MAHINDRA & MAHINDRA FINANCIAL SERVICES LTD.
532725,SOLARINDS,SOLAR INDUSTRIES INDIA LTD.
532733,SUNTV,SUN TV NETWORK LTD.
532734,GPIL,GODAWARI POWER & ISPAT LTD.
532735,RSYSTEMINT,R Systems International Limited
532749,ALLCARGO,ALLCARGO LOGISTICS LTD.
532754,GMRINFRA,GMR INFRASTRUCTURE LTD.
532755,TECHM,TECH MAHINDRA LTD.
532756,MAHINDCIE,Mahindra CIE Automotive Limited
532757,VOLTAMP,VOLTAMP TRANSFORMERS LTD.
532762,ACE,ACTION CONSTRUCTION EQUIPMENT LTD.
532772,DCBBANK,DCB Bank Limited
532777,NAUKRI,INFO EDGE (INDIA) LTD.
532779,TORNTPOWER,TORRENT POWER LTD.
532783,DAAWAT,LT FOODS LTD.
532784,SOBHA,Sobha Limited
532798,NETWORK18,NETWORK18 MEDIA & INVESTMENTS LTD.
532800,TV18BRDCST,TV18 BROADCAST LTD.
532805,REDINGTON,REDINGTON (INDIA) LTD.
532809,FSL,FIRSTSOURCE SOLUTIONS LTD.
532810,PFC,POWER FINANCE CORPORATION LTD.
532811,AHLUCONT,AHLUWALIA CONTRACTS (INDIA) LTD.
532814,INDIANB,INDIAN BANK
532819,MINDTREE,MINDTREE LTD.
532822,IDEA,Vodafone Idea Ltd
532827,PAGEIND,PAGE INDUSTRIES LTD.
532830,ASTRAL,ASTRAL POLY TECHNIK LTD.
532832,IBREALEST,INDIABULLS REAL ESTATE LTD.
532834,CAMLINFINE,CAMLIN FINE SCIENCES LTD.
532835,ICRA,ICRA LTD.
532839,DISHTV,DISH TV INDIA LTD.
532843,FORTIS,FORTIS HEALTHCARE LTD.
532848,DELTACORP,DELTA CORP LTD.
532851,INSECTICID,INSECTICIDES (INDIA) LTD.
532856,TIMETECHNO,TIME TECHNOPLAST LTD.
532859,HGS,HINDUJA GLOBAL SOLUTIONS LTD.
532865,MEGH,MEGHMANI ORGANICS LTD.
532868,DLF,DLF LTD.
532872,SPARC,SUN PHARMA ADVANCED RESEARCH COMPANY LTD.
532880,OMAXE,OMAXE LTD.
532885,CENTRALBK,CENTRAL BANK OF INDIA
532888,ASIANTILES,ASIAN GRANITO INDIA LTD.
532889,KPRMILL,K.P.R. Mill Limited
532890,TAKE,TAKE SOLUTIONS LTD.
532892,MOTILALOFS,MOTILAL OSWAL FINANCIAL SERVICES LTD.
532898,POWERGRID,POWER GRID CORPORATION OF INDIA LTD.
532899,KSCL,KAVERI SEED COMPANY LTD.
532900,PAISALO,Paisalo Digital Ltd
532915,RELIGARE,RELIGARE ENTERPRISES LTD.
532921,ADANIPORTS,ADANI PORTS AND SPECIAL ECONOMIC ZONE LTD.
532922,EDELWEISS,Edelweiss Financial Services Ltd.
532924,KOLTEPATIL,KOLTE-PATIL DEVELOPERS LTD.
532926,JYOTHYLAB,Jyothy Labs Ltd
532927,ECLERX,ECLERX SERVICES LTD.
532929,BRIGADE,BRIGADE ENTERPRISES LTD.
532939,RPOWER,RELIANCE POWER LTD.
532940,JKIL,J.KUMAR INFRAPROJECTS LTD.
532942,KNRCON,KNR CONSTRUCTIONS LTD.
532947,IRB,IRB INFRASTRUCTURE DEVELOPERS LTD.
532953,VGUARD,V-GUARD INDUSTRIES LTD.
532955,RECLTD,REC Ltd
532966,TWL,TITAGARH WAGONS LTD.
532967,KIRIINDUS,KIRI INDUSTRIES LTD.
532977,BAJAJ-AUTO,BAJAJ AUTO LTD.
532978,BAJAJFINSV,BAJAJ FINSERV LTD.
533023,WABCOINDIA,WABCO INDIA LTD.
533033,ISGEC,ISGEC Heavy Engineering Ltd
533080,MOLDTKPAC,Mold-Tek Packaging Limited
533088,MHRIL,MAHINDRA HOLIDAYS & RESORTS INDIA LTD.
533096,ADANIPOWER,ADANI POWER LTD.
533098,NHPC,NHPC LTD.
533106,OIL,OIL INDIA LTD.
533137,DEN,Den Networks Ltd
533138,ASTEC,ASTEC LIFESCIENCES LIMITED
533148,JSWENERGY,JSW Energy Ltd
533150,GODREJPROP,Godrej Properties Ltd
533151,DBCORP,D B Corp Ltd
533155,JUBLFOOD,Jubilant FoodWorks Ltd
533162,HATHWAY,Hathway Cable & Datacom Ltd
533179,PERSISTENT,PERSISTENT SYSTEMS LTD.
533206,SJVN,SJVN Ltd
533229,BAJAJCON,Bajaj Consumer Care Ltd
533248,GPPL,GUJARAT PIPAVAV PORT LTD.
533269,WABAG,VA TECH WABAG LTD.
533271,ASHOKA,ASHOKA BUILDCON LTD.
533273,OBEROIRLTY,OBEROI REALTY LTD.
533274,PRESTIGE,PRESTIGE ESTATES PROJECTS LTD.
533278,COALINDIA,COAL INDIA LTD.
533286,MOIL,MOIL LTD.
533293,KIRLOSENG,KIRLOSKAR OIL ENGINES LTD.
533303,BFINVEST,BF INVESTMENT LTD.
533326,TEXRAIL,TEXMACO RAIL & ENGINEERING LTD.
533344,PFS,PTC INDIA FINANCIAL SERVICES LTD.
533398,MUTHOOTFIN,MUTHOOT FINANCE LTD.
533400,FCONSUMER,Future Consumer Ltd
533519,L&TFH,L&T FINANCE HOLDINGS LTD.
533520,YAARII,Yaarii Digital Integrated Services Ltd
533552,RUPA,RUPA & COMPANY LTD.
533573,APLLTD,ALEMBIC PHARMACEUTICALS LTD.
533655,TRITURBINE,TRIVENI TURBINE LTD.
533758,APLAPOLLO,APL APOLLO TUBES LTD.
534076,ORIENTREF,ORIENT REFRACTORIES LTD.
534091,MCX,MULTI COMMODITY EXCHANGE OF INDIA LTD.
534139,SCHNEIDER,SCHNEIDER ELECTRIC INFRASTRUCTURE LTD.
534309,NBCC,NBCC (India) Ltd
534758,CIGNITI,CIGNITI TECHNOLOGIES LTD.
534804,CARERATING,CARE Ratings Ltd
534809,PCJEWELLER,PC JEWELLER LTD.
534816,INDUSTOWER,Indus Towers Ltd
534976,VMART,V-MART RETAIL LTD.
535322,REPCOHOME,REPCO HOME FINANCE LTD.
535648,JUSTDIAL,JUST DIAL LTD.
535754,ORIENTCEM,Orient Cement Ltd
535755,ABFRL,Aditya Birla Fashion and Retail Ltd
535789,IBULHSGFIN,Indiabulls Housing Finance Ltd
536507,FLFL,Future Lifestyle Fashions Ltd
537291,NATHBIOGEN,Nath Bio-Genes (India) Ltd
538268,WONDERLA,Wonderla Holidays Ltd
538566,APOLLOTRI,Apollo Tricoat Tubes Ltd
538567,GULFOILLUB,Gulf Oil Lubricants India Ltd
538635,SNOWMAN,Snowman Logistics Ltd
538666,SHARDACROP,Sharda Cropchem Ltd
538835,INTELLECT,Intellect Design Arena Ltd
538962,MINDACORP,Minda Corporation Ltd
539118,VRLLOG*,VRL Logistics Ltd
539150,PNCINFRA,PNC Infratech Ltd
539201,SATIA,Satia Industries Ltd
539254,ADANITRANS,Adani Transmission Ltd
539268,SYNGENE,Syngene International Ltd
539302,POWERMECH,Power Mech Projects Ltd
539336,GUJGAS,Gujarat Gas Ltd
539404,SATIN,Satin Creditcare Network Ltd
539437,IDFCFIRSTB,IDFC First Bank Ltd
539448,INDIGO,InterGlobe Aviation Ltd
539450,SHK,S H Kelkar and Company Ltd
539523,ALKEM,Alkem Laboratories Ltd
539524,LALPATHLAB,Dr. Lal PathLabs Ltd
539542,LUXIND,Lux Industries Ltd
539551,NH,Narayana Hrudayalaya Ltd
539597,JSLHISAR,Jindal Stainless (Hisar) Ltd
539658,TEAMLEASE,TeamLease Services Ltd
539678,QUICKHEAL,Quick Heal Technologies Ltd
539787,HCG,HealthCare Global Enterprises Ltd
539807,INFIBEAM,Infibeam Avenues Ltd
539844,EQUITAS,Equitas Holdings Ltd
539871,THYROCARE,Thyrocare Technologies Ltd
539874,UJJIVAN,Ujjivan Financial Services Ltd
539876,CROMPTON,Crompton Greaves Consumer Electricals Ltd
539883,PILANIINVS,Pilani Investment and Industries Corporation Ltd
539889,PARAGMILK,Parag Milk Foods Ltd
539957,MGL,Mahanagar Gas Ltd
539978,QUESS,Quess Corp Ltd
540005,LTI,Larsen & Toubro Infotech Ltd
540025,ADVENZYMES,Advanced Enzyme Technologies Ltd
540047,DBL,Dilip Buildcon Ltd
540064,FRETAIL,Future Retail Ltd
540065,RBLBANK,RBL Bank Ltd
540115,LTTS,L&T Technology Services Ltd
540133,ICICIPRULI,ICICI Prudential Life Insurance Company Ltd
540153,ENDURANCE,Endurance Technologies Ltd
540173,PNBHOUSING,PNB Housing Finance Ltd
540180,VBL,Varun Beverages Ltd
540203,SFL,Sheela Foam Ltd
540212,TCIEXP,TCI Express Ltd
540222,LAURUSLABS,Laurus Labs Ltd
540293,PRICOLLTD,Pricol Ltd
540376,DMART,Avenue Supermarts Ltd
540425,SHANKARA,Shankara Building Products Ltd
540530,HUDCO,Housing & Urban Development Corporation Ltd
540544,PSPPROJECT,PSP Projects Ltd
540575,STARCEMENT,Star Cement Ltd
540595,TEJASNET,Tejas Networks Ltd
540596,ERIS,Eris Lifesciences Ltd
540611,AUBANK,AU Small Finance Bank Ltd
540673,SIS,SIS Ltd
540678,COCHINSHIP,Cochin Shipyard Ltd
540691,ABCAPITAL,Aditya Birla Capital Ltd
540692,APEX,Apex Frozen Foods Ltd
540699,DIXON,Dixon Technologies (India) Ltd
540701,DCAL,Dishman Carbogen Amcis Ltd
540716,ICICIGI,ICICI Lombard General Insurance Company Ltd
540719,SBILIFE,SBI Life Insurance Company Ltd
540724,DIAMONDYD,Prataap Snacks Ltd
540743,GODREJAGRO,Godrej Agrovet Ltd
540749,MASFIN,MAS Financial Services Ltd
540750,IEX,Indian Energy Exchange Ltd
540755,GICRE,General Insurance Corporation of India
540762,TIINDIA,Tube Investments of India Ltd
540767,NAM-INDIA,Nippon Life India Asset Management Ltd
540768,MAHLOG,Mahindra Logistics Ltd
540769,NIACL,The New India Assurance Company Ltd
540777,HDFCLIFE,HDFC Life Insurance Company Ltd
540798,FSC,Future Supply Chain Solutions Ltd
540900,NEWGEN,Newgen Software Technologies Ltd
540902,AMBER,Amber Enterprises India Ltd
540935,GALAXYSURF,Galaxy Surfactants Ltd
540975,ASTERDM,Aster DM Healthcare Ltd
541019,HGINFRA,H.G. Infra Engineering Ltd
541143,BDL,Bharat Dynamics Ltd
541153,BANDHANBNK,Bandhan Bank Ltd
541154,HAL,Hindustan Aeronautics Ltd
541179,ISEC,ICICI Securities Ltd
541195,MIDHANI,Mishra Dhatu Nigam Ltd
541233,LEMONTREE,Lemon Tree Hotels Ltd
541301,ORIENTELEC,Orient Electric Ltd
541336,INDOSTAR,Indostar Capital Finance Ltd
541403,DOLLAR,Dollar Industries Ltd
541450,ADANIGREEN,Adani Green Energy Ltd
541540,SOLARA,Solara Active Pharma Sciences Ltd
541556,RITES,RITES Ltd
541557,FINEORG,Fine Organic Industries Ltd
541578,VARROC,Varroc Engineering Ltd
541700,TCNSBRANDS,TCNS Clothing Co. Ltd
541729,HDFCAMC,HDFC Asset Management Company Ltd
541770,CREDITACC,CreditAccess Grameen Ltd
541956,IRCON,IRCON International Ltd
541988,AAVAS,AAVAS Financiers Ltd
542011,GRSE,Garden Reach Shipbuilders & Engineers Ltd
542066,ATGL,Adani Total Gas Ltd
542141,TECHNOE,Techno Electric & Engineering Company Ltd
542216,DALBHARAT,Dalmia Bharat Ltd
542333,RPSGVENT,RPSG Ventures Ltd
542337,SPENCER,Spencers Retail Ltd
542399,CHALET,Chalet Hotels Ltd
542484,ARVINDFASN,Arvind Fashions Ltd
542597,MSTC,MSTC Ltd
542649,RVNL,Rail Vikas Nigam Ltd
542650,METROPOLIS,Metropolis Healthcare Ltd
542651,KPITTECH,KPIT Technologies Ltd
542652,POLYCAB,Polycab India Ltd
542665,NEOGEN,Neogen Chemicals Ltd
542726,INDIAMART,IndiaMART InterMESH Ltd
542752,AFFLE,Affle (India) Ltd
542759,SPANDANA,Spandana Sphoorty Financial Ltd
542760,SWSOLAR,Sterling and Wilson Solar Ltd
542772,IIFLWAM,IIFL Wealth Management Ltd
542773,IIFLSEC,IIFL Securities Ltd
542812,FLUOROCHEM,Gujarat Fluorochemicals Ltd
542830,IRCTC,Indian Railway Catering and Tourism Corporation Ltd
542867,CSBBANK,CSB Bank Ltd
542904,UJJIVANSFB,Ujjivan Small Finance Bank Ltd
542905,SHIL,Somany Home Innovation Ltd
542907,PRINCEPIPE,Prince Pipes and Fittings Ltd
542920,SUMICHEM,Sumitomo Chemical India Ltd
543064,SUVENPHAR,Suven Pharmaceuticals Ltd
543066,SBICARD,SBI Cards and Payment Services Ltd
543187,POWERINDIA,ABB Power Products and Systems India Ltd
570001,TATAMTRDVR,Tata Motors  Ltd - DVR
890147,RELIANCEPP,Reliance Industries Ltd
890148,ABFRLPP,Aditya Birla Fashion and Retail Ltd
